ID,X,Y
0,537348.0,624496.8333333334
0,537450.304347826,624550.2608695652
0,537366.0,624448.0
0,537476.7142857143,624556.5714285715
0,537476.7142857143,624556.5714285715
0,537476.7142857143,624556.5714285715
0,537324.2,624477.6
0,537324.2,624477.6
0,537324.2,624477.6
0,537324.2,624477.6
0,537324.2,624477.6
0,537324.2,624477.6
0,537471.0,624555.0
0,537471.0,624555.0
