ID,X,Y
0,544131.6666666666,621550.619047619
0,543701.048192771,621870.2048192772
0,544146.1851851852,621518.8518518518
0,544146.1851851852,621518.8518518518
0,544102.2,621535.8
0,544102.2,621535.8
0,544139.6666666666,621534.3333333334
0,544096.5,621500.5
0,544144.3333333334,621536.3333333334
0,544142.0,621541.0
0,544142.0,621541.0
0,544142.0,621541.0
0,544142.0,621541.0
0,544148.0,621533.0
