ID,X,Y
0,541396.0,621810.0
0,541278.0,621866.3333333334
0,541528.0,621723.2
0,541532.7575757576,621701.4545454546
0,542508.6666666666,621077.3333333334
0,541405.0,621788.0
0,541553.0,621710.0
0,541553.0,621710.0
0,541553.0,621710.0
0,541553.0,621710.0
0,541282.0,621862.0
0,541282.0,621862.0
0,541282.0,621862.0
0,541282.0,621862.0
0,541282.0,621862.0
0,541282.0,621862.0
0,541282.0,621862.0
