ID,X,Y
0,536510.7142857143,628016.0
0,536659.0,628062.0
0,536558.0,628058.0
0,536675.9090909091,627631.1818181818
0,536559.7142857143,628020.6428571428
0,536633.695652174,628029.2173913043
0,536658.7142857143,628032.8571428572
0,536633.4,628003.8
0,536652.0,628034.0
0,536652.0,628034.0
0,536652.0,628034.0
0,536652.0,628034.0
0,536652.0,628034.0
