ID,X,Y
0,536191.6363636364,627426.5454545454
1,536197.3,627462.9
2,536646.1875,627489.0625
3,536324.72,627462.28
4,536318.2,627439.4
