ID,X,Y
0,540036.5,634616.6666666666
1,540048.6363636364,634584.2727272727
